id_master,id_using,_pc01_block_name_master,_pc01_block_name_using
Andaman-and-Nicobar-Islands-ANDAMANS_LITTLE ANDAMAN                     ,35-01-northandaman,little andaman,northandaman
Andhra-Pradesh-ADILABAD_KADDAM,28-01-kaddam peddur,kaddam,kaddam peddur
Telangana-ADILABAD_LOHESRA,28-01-lokeswaram,lohesra,lokeswaram
Andhra-Pradesh-CHITTOOR_B.N.KANDRIGA,28-23-buchinaidukandriga,bnkandriga,buchinaidukandriga
Andhra-Pradesh-CHITTOOR_K.V.PALLE                          ,28-23-kambhamvaripalle,kvpalle,kambhamvaripalle
Andhra-Pradesh-CHITTOOR_R.C.PURAM                          ,28-23-ramachandrapuram,rcpuram,ramachandrapuram
Andhra-Pradesh-CHITTOOR_S.R.PURAM                          ,28-23-srirangarajapuram,srpuram,srirangarajapuram
Andhra-Pradesh-CHITTOOR_V.KOTA                             ,28-23-venkatagirikota,vkota,venkatagirikota
Andhra-Pradesh-CUDDAPAH_B.MATTAM,28-20-brahmamgarimattam,bmattam,brahmamgarimattam
Andhra-Pradesh-CUDDAPAH_C.K.DINNE,28-20-chinthakommadinne,ckdinne,chinthakommadinne
Andhra-Pradesh-CUDDAPAH_L.R.PALLI                          ,28-20-lakkireddipalle,lrpalli,lakkireddipalle
Andhra-Pradesh-CUDDAPAH_S.V.KASINAYAN                      ,28-20-sriavadhuthakasinayana,svkasinayan,sriavadhuthakasinayana
Andhra-Pradesh-CUDDAPAH_V.N.PALLE,28-20-veerapunayunipalle,vnpalle,veerapunayunipalle
Andhra-Pradesh-GUNTUR_ACHAMET                            ,28-17-atchampet,achamet,atchampet
Andhra-Pradesh-GUNTUR_CHERUKUPALLE                       ,28-17-cherukupalleh oarumbaka,cherukupalle,cherukupalleh oarumbaka
Andhra-Pradesh-GUNTUR_CHILAKALURIPETA,28-17-chilakaluripeth o purushothapatnam,chilakaluripeta,chilakaluripeth o purushothapatnam
Andhra-Pradesh-GUNTUR_EPURU                              ,28-17-ipur,epuru,ipur
Andhra-Pradesh-GUNTUR_SAVALYAPURAM                       ,28-17-savalyapuramh okanamarlapudi,savalyapuram,savalyapuramh okanamarlapudi
Telangana-KARIMNAGAR_THIMMAPUR,28-03-timmapur lmdcolony,thimmapur,timmapur lmdcolony
Andhra-Pradesh-KHAMMAM_V.R.PURAM,28-10-vararamachandrapuram,vrpuram,vararamachandrapuram
Andhra-Pradesh-KURNOOL_J-BANGLAW                          ,28-21-jupadubungalow,j banglaw,jupadubungalow
Andhra-Pradesh-KURNOOL_VELUGODU                           ,28-21-velgode,velugodu,velgode
Andhra-Pradesh-MAHBUBNAGAR_BIJENEPALLY,28-07-bijinapalle,bijenepally,bijinapalle
Andhra-Pradesh-MAHBUBNAGAR_C.C.KUNTA,28-07-chinnachintakunta,cckunta,chinnachintakunta
Telangana-MEDAK_MUNIPALLY,28-04-munpalle,munipally,munpalle
Andhra-Pradesh-NALGONDA_BHUVANAGIRI                        ,28-08-bhongir,bhuvanagiri,bhongir
Andhra-Pradesh-NALGONDA_P.A.PALLE                          ,28-08-peddaadiserlapalle,papalle,peddaadiserlapalle
Andhra-Pradesh-PRAKASAM_C.S.PURAM,28-18-chandrasekharapuram,cspuram,chandrasekharapuram
Andhra-Pradesh-PRAKASAM_J.PANGULURU                        ,28-18-janakavarampanguluru,jpanguluru,janakavarampanguluru
Andhra-Pradesh-PRAKASAM_P.C.PALLI,28-18-pedacherlopalle,pcpalli,pedacherlopalle
Andhra-Pradesh-SRIKAKULAM_G.SIGADAM                          ,28-11-ganguvarisigadam,gsigadam,ganguvarisigadam
Andhra-Pradesh-SRIKAKULAM_R.AMADALAVALASA,28-11-regidiamadalavalasa,ramadalavalasa,regidiamadalavalasa
Andhra-Pradesh-VISAKHAPATNAM_G.K.VEEDHI,28-13-gudemkothaveedhi,gkveedhi,gudemkothaveedhi
Andhra-Pradesh-VISAKHAPATNAM_G.MADUGULA                         ,28-13-g madugula,gmadugula,g madugula
Andhra-Pradesh-VIZIANAGARAM_G.L.PURAM,28-12-gummalakshmipuram,glpuram,gummalakshmipuram
Andhra-Pradesh-WARANGAL_BHOOPALPELLY,28-09-bhupalpalle,bhoopalpelly,bhupalpalle
Andhra-Pradesh-WARANGAL_MOGULLAPELLY                       ,28-09-mogullapalle,mogullapelly,mogullapalle
Arunachal-Pradesh-CHANGLANG_KHAGAM                             ,12-12-khagammiao,khagam,khagammiao
Arunachal-Pradesh-DIBANG VALLEY_ANINI-MIPI,12-10-aninietalin,anini mipi,aninietalin
Arunachal-Pradesh-LOHIT_HAWAI-WALONG                       ,12-11-hawai,hawai walong,hawai
North-Eastern-States-LOHIT_TEZU-SUNPURA                       ,12-11-tezu,tezu sunpura,tezu
Arunachal-Pradesh-LOWER SUBANSIRI_TAMEN - RAGA C.D. BLOCK            ,12-05-raga,tamen raga cd block,raga
Arunachal-Pradesh-TIRAP_LONGDING-NIAUSA,12-13-niausa,longding niausa,niausa
Arunachal-Pradesh-UPPER SUBANSIRI_NACHO                              ,12-06-nachosiyum,nacho,nachosiyum
Arunachal-Pradesh-WEST KAMENG_NAFRA,12-02-nafraburagaon,nafra,nafraburagaon
North-Eastern-States-WEST SIANG_ALONG EAST                         ,12-07-along,along east,along
Assam-BARPETA_RUPSHI                             ,18-05-rupsipt,rupshi,rupsipt
Assam-DARRANG_DALGAON,18-08-dolgaonsialmari,dalgaon,dolgaonsialmari
Assam-DHUBRI_CHAPOR,18-02-chaparsalkocha,chapor,chaparsalkocha
Assam-GOLAGHAT_CENTRAL BLOCK                      ,18-18-golaghatcentral,central block,golaghatcentral
Assam-GOLAGHAT_EAST BLOCK                         ,18-18-golaghateast,east block,golaghateast
Assam-GOLAGHAT_NORTH BLOCK                        ,18-18-golaghatnorth,north block,golaghatnorth
Assam-GOLAGHAT_SOUTH BLOCK                        ,18-18-golaghatsouth,south block,golaghatsouth
Assam-GOLAGHAT_WEST BLOCK                         ,18-18-golaghatwest,west block,golaghatwest
Assam-JORHAT_EAST JORHAT                        ,18-17-jorhateast,east jorhat,jorhateast
Assam-JORHAT_NORTH WEST JORHAT                  ,18-17-jorhatnorthwest,north west jorhat,jorhatnorthwest
Assam-KAMRUP-RURAL_BOKO,18-06-bokobongaon,boko,bokobongaon
Assam-KARBI ANGLONG_RONGMONGVE,18-19-rongmongway,rongmongve,rongmongway
Assam-KARIMGANJ_R.K NAGAR                          ,18-22-ramkrishnanagar,rk nagar,ramkrishnanagar
Assam-KOKRAJHAR_SIDLI                              ,18-01-sidlichirangpt,sidli,sidlichirangpt
Bihar-BEGUSARAI_KHODAWANDPUR,10-20-khudabandpur,khodawandpur,khudabandpur
Bihar-BHAGALPUR_KAHALGOAN                          ,10-22-colgong,kahalgoan,colgong
Bihar-DARBHANGA_KEOTI                              ,10-13-keotiranway,keoti,keotiranway
Bihar-GAYA_GAYA TOWN C.D.BLOCK                ,10-35-gaya,gaya town cdblock,gaya
Bihar-JAMUI_ALIGANJ                            ,10-37-islamnagaraliganj,aliganj,islamnagaraliganj
Bihar-JEHANABAD_BANSI SONBHADRA SURAJPUR           ,10-33-sonbhadrabanshisuryapur,bansi sonbhadra surajpur,sonbhadrabanshisuryapur
Bihar-KAIMUR (BHABUA)_NUWAW,10-31-nuaon,nuwaw,nuaon
Bihar-MADHEPURA_UDA-KISHUNGANJ,10-11-kishanganj,uda kishunganj,kishanganj
Bihar-MUNGER_MUNGER SADAR                       ,10-24-munger,munger sadar,munger
Bihar-MUZAFFARPUR_MORAUL                             ,10-14-dholi moraul,moraul,dholi moraul
Bihar-MUZAFFARPUR_MOTIPUR                            ,10-14-baruraj motipur,motipur,baruraj motipur
Bihar-PASHCHIM CHAMPARAN_BAGAHA-II (SIDHAW),10-01-sidhaw,bagaha ii sidhaw,sidhaw
Bihar-PATNA_DANAPUR,10-28-dinapurcumkhagaul,danapur,dinapurcumkhagaul
Bihar-PURBA CHAMPARAN_CHAKIA                             ,10-02-chakia pipra,chakia,chakia pipra
Bihar-PURNIA_BARHARA KOTHI,10-09-barhara,barhara kothi,barhara
Bihar-PURNIA_PURNIA                             ,10-09-purniaeast,purnia,purniaeast
Bihar-ROHTAS_SHIVSAGAR                          ,10-32-sheosagar,shivsagar,sheosagar
Bihar-SARAN_CHAPRA SADAR                       ,10-17-chapra,chapra sadar,chapra
Bihar-SHEOHAR_TARIYANI,10-03-tarianichowk,tariyani,tarianichowk
Chattisgarh-BASTER_ABUJHMAD (ORCHA)                   ,22-15-abhujhmad orchha part,abujhmad orcha,abhujhmad orchha part
Chattisgarh-BILASPUR (CHHATTISGARH)_GOURELA,22-07-gaurellano-1,gourela,gaurellano-1
Chattisgarh-BILASPUR (CHHATTISGARH)_PENDRA,22-07-gaurellano-2,pendra,gaurellano-2
Chattisgarh-DHAMTARI_KURUD                              ,22-13-kurud chormudiya,kurud,kurud chormudiya
Chattisgarh-DHAMTARI_NAGRI,22-13-sihwa nagri,nagri,sihwa nagri
Chattisgarh-DURG_BALOD                              ,22-10-sanjaribalod,balod,sanjaribalod
Chattisgarh-JANJGIR - CHAMPA_BAMHANI DIH                        ,22-06-bamhnidih champa,bamhani dih,bamhnidih champa
Chattisgarh-JASHPUR_FARSABAHAR,22-03-pharsabahar tapkara,farsabahar,pharsabahar tapkara
Chattisgarh-JASHPUR_JASHPUR                            ,22-03-jashpurnagar,jashpur,jashpurnagar
Chattisgarh-KANKER_NARHARPUR                          ,22-14-sarana narharpur,narharpur,sarana narharpur
Chattisgarh-KORIYA_BHARATPUR                          ,22-01-bharatpur janakpur,bharatpur,bharatpur janakpur
Chattisgarh-RAIGARH (CHHATTISGARH)_BARAMKELA,22-04-sarailendha baramkela,baramkela,sarailendha baramkela
Chattisgarh-RAIGARH (CHHATTISGARH)_PUSSORE                            ,22-04-pusaur,pussore,pusaur
Chattisgarh-RAIPUR_ARANG                              ,22-11-chandkhurai arang,arang,chandkhurai arang
Chattisgarh-RAIPUR_DHARSHIWA,22-11-raipur dharsiva,dharshiwa,raipur dharsiva
Chattisgarh-RAIPUR_FINGESWAR                          ,22-11-rajim phingeshwar,fingeswar,rajim phingeshwar
Chattisgarh-SURGUJA_RAMCHANDRAPUR                      ,22-02-ramchandrapur ramanujganj,ramchandrapur,ramchandrapur ramanujganj
Gujarat-AHMEDABAD_AMC,24-07-ahmadabadcity,amc,ahmadabadcity
Gujarat-AMRELI_KUKAVAV,24-13-kunkavavvadia,kukavav,kunkavavvadia
Gujarat-DOHAD_DEV.BARIA,24-18-devgadbaria,devbaria,devgadbaria
Gujarat-DOHAD_ZALOD,24-18-jhalod,zalod,jhalod
Gujarat-JAMNAGAR_DWARKA,24-10-okhamandal,dwarka,okhamandal
Gujarat-JAMNAGAR_JAMKALYANPUR,24-10-kalyanpur,jamkalyanpur,kalyanpur
Gujarat-JAMNAGAR_JAMKHAMBHALIYA                     ,24-10-khambhalia,jamkhambhaliya,khambhalia
Gujarat-JUNAGADH_MALIA HATINA,24-12-malia,malia hatina,malia
Gujarat-JUNAGADH_VERAVAL                            ,24-12-patanveraval,veraval,patanveraval
Gujarat-PATAN_URBAN-PATAN                        ,24-03-vagdod,urban patan,vagdod
Gujarat-SURENDRANAGAR_PATDI - DASADA,24-08-dasada,patdi dasada,dasada
Haryana-BHIWANI_DADRI                              ,06-13-dadrii p,dadri,dadrii p
Haryana-HISAR_HANSI-I                            ,06-12-hans2,hansi-1,hans-2
Haryana-HISAR_HISAR-I,06-12-hisari,hisar-1,hisari
Haryana-JHAJJAR_JHAJJAR1                           ,06-15-nahar p,jhajjar-1,nahar p
Haryana-KARNAL_NISSING                            ,06-06-nissingatchirao,nissing,nissingatchirao
Haryana-MAHENDRAGARH_ATELI,06-16-atelinangal,ateli,atelinangal
Haryana-REWARI_KHOL,06-17-kholatrewari,khol,kholatrewari
Himachal-Pradesh-BILASPUR (H.P.)_SADAR                              ,02-08-bilaspursadar,sadar,bilaspursadar
Himachal-Pradesh-CHAMBA_BANIKHET                           ,02-01-bhattiyat,banikhet,bhattiyat
Himachal-Pradesh-MANDI_CHACHIOT-1,02-05-chachyot,chachiot-1,chachyot
Himachal-Pradesh-MANDI_DHARAMPUR-1                        ,02-05-dharmpur,dharampur-1,dharmpur
Himachal-Pradesh-MANDI_SADAR-1                            ,02-05-mandisadar,sadar-1,mandisadar
Himachal-Pradesh-MANDI_SUNDER NAGAR-1                     ,02-05-sundarnagar,sunder nagar-1,sundarnagar
Himachal-Pradesh-SHIMLA_JUBBAL                             ,02-11-jubbalkotkhai,jubbal,jubbalkotkhai
Jammu-&-Kashmir-ANANTNAG_D H PORA                           ,01-06-damhalhanjipora,d h pora,damhalhanjipora
Jammu-and-Kashmir-BADGAM_B.K.PORA                           ,01-04-baghatikanipora,bkpora,baghatikanipora
Jammu-and-Kashmir-KARGIL_CHIKTAN                            ,01-08-shakarchiktan,chiktan,shakarchiktan
Jammu-&-Kashmir-KATHUA_MALAHAR,01-14-lohaimalhar,malahar,lohaimalhar
Jammu-and-Kashmir-LEH (LADAKH)_KHALTSE                            ,01-07-khalsi,khaltse,khalsi
Jammu-&-Kashmir-PULWAMA_KEEGAM                             ,01-05-kulgam,keegam,kulgam
Jammu-and-Kashmir-UDHAMPUR_DUDU                               ,01-10-dudobasantgarh,dudu,dudobasantgarh
Jharkhand-BOKARO_PETARWAR                           ,20-13-peterbar,petarwar,peterbar
Jharkhand-DHANBAD_BAGHMARA                           ,20-12-baghmaracumkatras,baghmara,baghmaracumkatras
Jharkhand-DHANBAD_DHANBAD                            ,20-12-dhanbadcumkenduadihcumjagta,dhanbad,dhanbadcumkenduadihcumjagta
Jharkhand-DHANBAD_JHARIA,20-12-jhariacumjorapokharcumsindri,jharia,jhariacumjorapokharcumsindri
Jharkhand-DHANBAD_NIRSA                              ,20-12-nirsacumchirkunda,nirsa,nirsacumchirkunda
Jharkhand-GARHWA_MERAL,20-01-meral piprakalan,meral,meral piprakalan
Jharkhand-GUMLA_BHARNO,20-16-bano,bharno,bano
Jharkhand-PASHCHIMI SINGHBHUM_NOAMUNDI ,20-17-noamundi barajamda,noamundi,noamundi barajamda
Jharkhand-PASHCHIMI SINGHBHUM_SADAR CHAIBASA,20-17-chaibasa,sadar chaibasa,chaibasa
Jharkhand-RANCHI_ARKI                               ,20-14-erki tamar2,arki,erki tamar-2
Karnataka-BANGALORE U SOUTH_NORTH                              ,29-20-bangalorenorth,north,bangalorenorth
Karnataka-BANGALORE U SOUTH_SOUTH                              ,29-20-bangaloresouth,south,bangaloresouth
Karnataka-BELGAUM_BELGAUM RURAL.,29-01-belgaum,belgaum rural,belgaum
Karnataka-MYSURU_H.D.KOTE,29-26-heggadadevankote,hdkote,heggadadevankote
Karnataka-MYSORE_T.N.PURA                           ,29-26-tirumakudalnarsipur,tnpura,tirumakudalnarsipur
Karnataka-UTTARA KANNADA_JOIDA                              ,29-10-supa,joida,supa
Kerala-KOTTAYAM_PALA,32-10-pallom,pala,pallom
Kerala-MALAPPURAM_PARAPPANANGADI,32-05-perumpadappa,parappanangadi,perumpadappa
Kerala-THRISSUR_ANTHIKKAD,32-07-anthicad,anthikkad,anthicad
Madhya-Pradesh-BETUL_PRABHAT PATTAN                     ,23-35-prabhatpattnam,prabhat pattan,prabhatpattnam
Madhya-Pradesh-BHIND_ROUN,23-03-mihona ron,roun,mihona ron
Madhya-Pradesh-BHOPAL_PHANDA                             ,23-32-phanda bhopal,phanda,phanda bhopal
Madhya-Pradesh-CHHATARPUR_BARIGARH                           ,23-09-gaurihar barigarh,barigarh,gaurihar barigarh
Madhya-Pradesh-CHHINDWARA_JUNNARDEO                          ,23-43-jamai junnardeo,junnardeo,jamai junnardeo
Madhya-Pradesh-DAMOH_BATIYAGARH,23-12-barigarh batiagarh,batiyagarh,barigarh batiagarh
Madhya-Pradesh-DATIA_SEONDHA,23-05-se-0ndha,seondha,se-0ndha
Madhya-Pradesh-DHAR_UMARBAN,23-25-bankaner umarvan,umarban,bankaner umarvan
Madhya-Pradesh-GWALIOR_GHATIGAON                          ,23-04-ghatigaon barai,ghatigaon,ghatigaon barai
Madhya-Pradesh-GWALIOR_MORAR(RURAL)                       ,23-04-morar,morar rural,morar
Madhya-Pradesh-NARSIMHAPUR_CHICHLI                            ,23-40-babai chichli,chichli,babai chichli
Madhya-Pradesh-NARSIMHAPUR_GOTEGAON (SHRIDHAM)                ,23-40-gotegaon,gotegaon shridham,gotegaon
Madhya-Pradesh-NARSIMHAPUR_NARSINGHPUR,23-40-narsimhapur,narsinghpur,narsimhapur
Madhya-Pradesh-NARSIMHAPUR_SAIKHEDA,23-40-saikheda gadarwara,saikheda,saikheda gadarwara
Madhya-Pradesh-RAISEN_BADI                               ,23-34-bareli badi,badi,bareli badi
Madhya-Pradesh-REWA_RAIPUR(K)                          ,23-14-raipurkarchuliyan,raipur k,raipurkarchuliyan
Madhya-Pradesh-SATNA_MAJHGWAN,23-13-chitrakoot majhgawan,majhgwan,chitrakoot majhgawan
Madhya-Pradesh-SATNA_SOHAWAL,23-13-satna sohawal,sohawal,satna sohawal
Madhya-Pradesh-SEONI_GHANSORE                           ,23-44-kahnapas ghansaur,ghansore,kahnapas ghansaur
Madhya-Pradesh-SHAJAPUR_M. BARODIYA,23-22-momanbadodiya,m barodiya,momanbadodiya
Madhya-Pradesh-SIDHI_WAIDHAN                            ,23-17-baidhan,waidhan,baidhan
Madhya-Pradesh-UMARIA_KARKELI                            ,23-15-umaria karkeli,karkeli,umaria karkeli
Madhya-Pradesh-UMARIA_PALI,23-15-palino-2,pali,palino-2
Maharashtra-AKOLA_AKOLA MC,27-05-akola,akola mc,akola
Maharashtra-AMRAVATI_DHAMANGAON RLY                     ,27-07-dhamangaonrailway,dhamangaon rly,dhamangaonrailway
Maharashtra-AMRAVATI_NANDGAON KH,27-07-nandgaonkhandeshwar,nandgaon kh,nandgaonkhandeshwar
Maharashtra-BID_MAJALGAON,27-27-manjlegaon,majalgaon,manjlegaon
Maharashtra-BID_SHIRUR,27-27-shirur kasar,shirur,shirur kasar
Maharashtra-GADCHIROLI_DESAIGANJ                          ,27-12-desaiganj vadasa,desaiganj,desaiganj vadasa
Maharashtra-GONDIYA_ARJUNI MOR                         ,27-11-arjunimorgaon,arjuni mor,arjunimorgaon
Maharashtra-JALGAON_MUKTAINAGAR,27-03-muktainagar edlabad,muktainagar,muktainagar edlabad
Maharashtra-KOLHAPUR_GAGANBAWADA                        ,27-34-bavda,gaganbawada,bavda
Maharashtra-LATUR_DEVANI,27-28-deoni,devani,deoni
Maharashtra-NAGPUR_NAGPUR (GRAMIN)                    ,27-09-nagpur rural,nagpur gramin,nagpur rural
Maharashtra-NANDED_NAIGAON                            ,27-15-naigaon khairgaon,naigaon,naigaon khairgaon
Maharashtra-NANDURBAR_DHADGAON,27-01-akrani,dhadgaon,akrani
Maharashtra-NASHIK_TRIMBAK,27-20-trimbakeshwar,trimbak,trimbakeshwar
Maharashtra-OSMANABAD_OMERGA,27-29-umarga,omerga,umarga
Maharashtra-YAVATMAL_PANDHARKAWADA,27-14-kelapur,pandharkawada,kelapur
Maharashtra-YAVATMAL_ZARI                               ,27-14-zarijamani,zari,zarijamani
North-Eastern-States-BISHNUPUR_BISHNUPUR                          ,14-04-bishnupurc d block,bishnupur,bishnupurc d block
North-Eastern-States-BISHNUPUR_MOIRANG                            ,14-04-moirangc d block,moirang,moirangc d block
Manipur-CHANDEL_CHAKPIKARONG,14-09-chakpikarongt d block,chakpikarong,chakpikarongt d block
North-Eastern-States-CHANDEL_CHANDEL                            ,14-09-chandelt d block,chandel,chandelt d block
Manipur-CHANDEL_MACHI                              ,14-09-machit d block,machi,machit d block
Manipur-CHANDEL_TENGNOUPAL,14-09-tengnoupalt d block,tengnoupal,tengnoupalt d block
North-Eastern-States-CHURACHANDPUR_HENGLEP                            ,14-03-henglept d block,henglep,henglept d block
Manipur-CHURACHANDPUR_SINGNGAT                           ,14-03-singngatt d block,singngat,singngatt d block
Manipur-CHURACHANDPUR_THANLON                            ,14-03-thanlont d block,thanlon,thanlont d block
Manipur-CHURACHANDPUR_TIPAIMUKH                          ,14-03-parbungt d block,tipaimukh,parbungt d block
Manipur-IMPHAL EAST_JIRIBAM                            ,14-07-jiribamc d block,jiribam,jiribamc d block
Manipur-IMPHAL EAST_SAWOMBUNG IMPHAL EAST- I           ,14-07-imphaleastic d block,sawombung imphal east-1,imphaleastic d block
Manipur-IMPHAL WEST_IMPHAL WEST - I                    ,14-06-imphalwestic d block,imphal west-1,imphalwestic d block
North-Eastern-States-SENAPATI_KANGPOKPI                          ,14-01-kangpokpit d block,kangpokpi,kangpokpit d block
Manipur-SENAPATI_SAIKUL                             ,14-01-saikult d block,saikul,saikult d block
North-Eastern-States-SENAPATI_SAITU                              ,14-01-saitugamphazolt d block,saitu,saitugamphazolt d block
Manipur-TAMENGLONG_NUNGBA,14-02-nungbat d block,nungba,nungbat d block
Manipur-TAMENGLONG_TAMEI,14-02-tameit d block,tamei,tameit d block
Manipur-TAMENGLONG_TAMENGLONG                         ,14-02-tamenglongt d block,tamenglong,tamenglongt d block
Manipur-TAMENGLONG_TOUSEM,14-02-tousemt d block,tousem,tousemt d block
Manipur-THOUBAL_KAKCHING                           ,14-05-kakchingc d block,kakching,kakchingc d block
Manipur-THOUBAL_THOUBAL,14-05-thoubalc d block,thoubal,thoubalc d block
North-Eastern-States-UKHRUL_CHINGAI                            ,14-08-chingait d block,chingai,chingait d block
North-Eastern-States-UKHRUL_KAMJONG                            ,14-08-kamjongchassadt d block,kamjong,kamjongchassadt d block
Manipur-UKHRUL_KASOM                              ,14-08-kasomkhullent d block,kasom,kasomkhullent d block
North-Eastern-States-UKHRUL_PHUNGYAR                           ,14-08-phungyarphaisatt d block,phungyar,phungyarphaisatt d block
Manipur-UKHRUL_UKHRUL,14-08-ukhrult d block,ukhrul,ukhrult d block
North-Eastern-States-EAST GARO HILLS_RONGJENG                           ,17-02-damborongjeng,rongjeng,damborongjeng
North-Eastern-States-WEST GARO HILLS_DADENGGRE                          ,17-01-dadenggiri,dadenggre,dadenggiri
Mizoram-LUNGLEI_BUNGHMUN,15-06-westbunghmun,bunghmun,westbunghmun
Mizoram-SAIHA_SAIHA,15-08-sangau,saiha,sangau
Nagaland-KOHIMA_KOHIMA URBAN,13-07-kohima,kohima urban,kohima
North-Eastern-States-TUENSANG_TUENSANG                           ,13-02-sangsangnyu,tuensang,sangsangnyu
Orissa-BOLANGIR_GUDVELA,21-24-tentulikhunti gudvella,gudvela,tentulikhunti gudvella
Orissa-BALASORE_BALASORE MPL                       ,21-08-baleshwarsadar,balasore mpl,baleshwarsadar
Orissa-DHENKANAL_DHENKANAL SADAR                    ,21-14-sadar,dhenkanal sadar,sadar
Orissa-GAJAPATI_PARALAKHEMUNDI                     ,21-20-parlakhemundi gosani,paralakhemundi,parlakhemundi gosani
Orissa-GANJAM_ASKA                               ,21-19-asika,aska,asika
Orissa-GANJAM_KABISURYANAGAR                     ,21-19-kavisurjyanagar,kabisuryanagar,kavisurjyanagar
Orissa-KALAHANDI_M. RAMPUR                          ,21-26-madanpurrampur,m rampur,madanpurrampur
Orissa-KALAHANDI_TH RAMPUR,21-26-thuamulrampur,th rampur,thuamulrampur
Orissa-KENDRAPARA_AUL                                ,21-10-aali,aul,aali
Orissa-KEONJHAR_KEONJHAR                           ,21-06-kendujhargarh,keonjhar,kendujhargarh
Orissa-KORAPUT_JEYPORE                            ,21-29-jeypur,jeypore,jeypur
Orissa-MALKANGIRI_KORUKONDA                          ,21-30-korkunda,korukonda,korkunda
Orissa-MAYURBHANJ_G B NAGAR                          ,21-07-gopabandhunagar,g b nagar,gopabandhunagar
Orissa-RAYAGADA_BISSAMCUTTACK,21-27-bishamakatak,bissamcuttack,bishamakatak
Orissa-RAYAGADA_K.SINGPUR                          ,21-27-kalyanasingpur,ksingpur,kalyanasingpur
Punjab-FIROZPUR_FEROZEPUR                          ,03-11-firozpur,ferozepur,firozpur
Punjab-MOGA_MOGA 1,03-10-mogai,moga-1,mogai
Punjab-MUKTSAR_GIDDERBAHA,03-12-kotbhai,gidderbaha,kotbhai
Punjab-RUPNAGAR_ROPAR                              ,03-07-rupnagar,ropar,rupnagar
Rajasthan-ALWAR_LAKSHMANGARH                       ,08-06-lachhmangarh,lakshmangarh,lachhmangarh
Rajasthan-BARMER_SHIV,08-17-sheo,shiv,sheo
Rajasthan-BUNDI_K.PATAN                            ,08-23-keshoraipatan,kpatan,keshoraipatan
Rajasthan-GANGANAGAR_SRI GANGANAGAR,08-01-ganganagar,sri ganganagar,ganganagar
Rajasthan-JAIPUR_SAMBHAR LAKE                       ,08-12-sambhar,sambhar lake,sambhar
Rajasthan-JAISALMER_POKARAN                            ,08-16-sankra,pokaran,sankra
Rajasthan-JALOR_AAHOR                              ,08-18-ahore,aahor,ahore
Rajasthan-NAGAUR_MERTA CITY                         ,08-14-merta,merta city,merta
Sikkim-SOUTH SIKKIM_RAVANGLA,11-03-ravong,ravangla,ravong
Tamil-Nadu-COIMBATORE_P.N.PALAYAM                        ,33-12-periyanaickenpalayam,pnpalayam,periyanaickenpalayam
Tamil-Nadu-COIMBATORE_S.S.KULAM                          ,33-12-sarcarsamakulam,sskulam,sarcarsamakulam
Tamil-Nadu-COIMBATORE_UDUMALPET                          ,33-12-udumalaipettai,udumalpet,udumalaipettai
Tamil-Nadu-CUDDALORE_MANGALORE                          ,33-18-mangalur,mangalore,mangalur
Tamil-Nadu-DHARMAPURI_PALACODE,33-05-palakkodu,palacode,palakkodu
Tamil-Nadu-ERODE_GOBI,33-10-gobichettipalayam,gobi,gobichettipalayam
Tamil-Nadu-ERODE_SATHY,33-10-sathyamangalam,sathy,sathyamangalam
Tamil-Nadu-ERODE_T.N. PALAYAM,33-10-thookanaickenpalayam,tn palayam,thookanaickenpalayam
Tamil-Nadu-RAMANATHAPURAM_RAJASINGAMANGALAM                  ,33-27-r s mangalam,rajasingamangalam,r s mangalam
Tamil-Nadu-SALEM_MAGUNDANCHAVADI,33-08-mc donalchoultry,magundanchavadi,mc donalchoultry
Tamil-Nadu-THENI_CUMBUM,33-25-kambam,cumbum,kambam
Tamil-Nadu-THENI_MYLADUMPARAI,33-25-kadamalaikundrumyladumparai,myladumparai,kadamalaikundrumyladumparai
"Tamil-Nadu-THOOTHUKKUDI_KOVILPATTI RURAL, URBAN            ",33-28-kovilpatti,kovilpatti rural urban,kovilpatti
Tamil-Nadu-THOOTHUKKUDI_THOOTHUKUDI RURAL,33-28-thoothukkudi,thoothukudi rural,thoothukkudi
Tamil-Nadu-VELLORE_PERNAMBUT                          ,33-04-pernampattu,pernambut,pernampattu
Tamil-Nadu-VELLORE_VELLORE RURAL                      ,33-04-vellore,vellore rural,vellore
Tamil-Nadu-VELLORE_WALAJAH EAST                       ,33-04-walajapet,walajah east,walajapet
Tamil-Nadu-VILUPPURAM_ULUNDURPET                         ,33-07-uludurpettai,ulundurpet,uludurpettai
Tamil-Nadu-VIRUDHUNAGAR_WATRAP                             ,33-26-vathirairuppu,watrap,vathirairuppu
Tripura-NORTH TRIPURA_JAMPUI,16-04-jampuiihills,jampui,jampuiihills
Uttar-Pradesh-ALIGARH_JAWAN                              ,09-12-jawansikanderpur,jawan,jawansikanderpur
Uttar-Pradesh-AZAMGARH_FOOLPOOR                           ,09-61-phulpur,foolpoor,phulpur
Uttar-Pradesh-AZAMGARH_PALAHNI,09-61-palhani,palahni,palhani
Uttar-Pradesh-BALLIA_BERUARBARI,09-63-veruarwari,beruarbari,veruarwari
Uttar-Pradesh-BAREILLY_ALAMPUR,09-20-aalampurjafarabad,alampur,aalampurjafarabad
Uttar-Pradesh-BAREILLY_FATEHGANJ,09-20-fatehganjpashchim,fatehganj,fatehganjpashchim
Uttar-Pradesh-BASTI_BASTI SADAR,09-55-basti,basti sadar,basti
Uttar-Pradesh-BIJNOR_AAKU(NEHTOR),09-03-nehtaur,aaku nehtor,nehtaur
Uttar-Pradesh-BIJNOR_AFZALGRAH,09-03-afzalgarh kasimpurgarhi,afzalgrah,afzalgarh kasimpurgarhi
Uttar-Pradesh-BIJNOR_ALLHEPUR(DHAMPUR),09-03-allahpur,allhepur dhampur,allahpur
Uttar-Pradesh-BIJNOR_MOHD.PUR DEVMAL,09-03-mohammedpurdeomal,mohdpur devmal,mohammedpurdeomal
Uttar-Pradesh-BUDAUN_DEHGANWA                           ,09-19-dahgavan,dehganwa,dahgavan
Uttar-Pradesh-BULANDSHAHR_B.B.NAGAR                          ,09-11-bhawanbahadurnagar,bbnagar,bhawanbahadurnagar
Uttar-Pradesh-CHITRAKOOT_CHITRAKOOT                         ,09-41-karvi chitrakootdham,chitrakoot,karvi chitrakootdham
Uttar-Pradesh-DEORIA_DEORIA NAGAR CHHETR                ,09-60-deoria,deoria nagar chhetr,deoria
Uttar-Pradesh-FAIZABAD_HARINTANGANJ                       ,09-47-harringtonganj,harintanganj,harringtonganj
Uttar-Pradesh-FAIZABAD_MAYA,09-47-mayabazar,maya,mayabazar
Uttar-Pradesh-FAIZABAD_PURA                               ,09-47-purabazar,pura,purabazar
Uttar-Pradesh-FIROZABAD_AARANW                             ,09-16-araon,aaranw,araon
Uttar-Pradesh-FIROZABAD_NARKHI,09-16-kotla narkhi,narkhi,kotla narkhi
Uttar-Pradesh-GHAZIPUR_BARACHAWAR,09-65-varachakwar,barachawar,varachakwar
Uttar-Pradesh-GHAZIPUR_GHAZIPUR SADAR                     ,09-65-ghazipur,ghazipur sadar,ghazipur
Uttar-Pradesh-GONDA_COLONELGANJ,09-53-karnailganj,colonelganj,karnailganj
Uttar-Pradesh-JALAUN_MADHAUGADH                         ,09-35-madhoganj,madhaugadh,madhoganj
Uttar-Pradesh-JHANSI_BAMORE                             ,09-36-bamaur,bamore,bamaur
Uttar-Pradesh-KANPUR NAGAR_BIDHNU                             ,09-34-vidhunu,bidhnu,vidhunu
Uttar-Pradesh-KUSHINAGAR_NAURANGIYA,09-59-nebuanaurangiya,naurangiya,nebuanaurangiya
Uttar-Pradesh-KUSHINAGAR_SEORAHI,09-59-sevarhi,seorahi,sevarhi
Uttar-Pradesh-MAHOBA_KABRAI                             ,09-39-kabrai mahoba,kabrai,kabrai mahoba
Uttar-Pradesh-MEERUT_JANI                               ,09-07-janikhurd,jani,janikhurd
Uttar-Pradesh-MEERUT_MAWANA,09-07-mawanakalan,mawana,mawanakalan
Uttar-Pradesh-MEERUT_SARURPUR                           ,09-07-sarurpurkhurd,sarurpur,sarurpurkhurd
Uttar-Pradesh-MIRZAPUR_NAGAR                              ,09-69-nagar city,nagar,nagar city
Uttar-Pradesh-PRATAPGARH_LALGANJ                            ,09-43-lalganjajhara,lalganj,lalganjajhara
Uttar-Pradesh-PRATAPGARH_SADAR                              ,09-43-pratapgarh sadar,sadar,pratapgarh sadar
Uttar-Pradesh-RAE BARELI_GAURA                              ,09-28-deenshahgaura,gaura,deenshahgaura
Uttar-Pradesh-SAHARANPUR_SADHOLI KADIM,09-01-sadauliqadeem,sadholi kadim,sadauliqadeem
Uttar-Pradesh-SANT KABIR NAGAR_PAULI,09-56-rudhauli,pauli,rudhauli
Uttar-Pradesh-SHRAWASTI_IKAUNA,09-51-ekona,ikauna,ekona
Uttar-Pradesh-SIDDHARTHNAGAR_BARHANI,09-54-barhnibazar,barhani,barhnibazar
Uttar-Pradesh-SIDDHARTHNAGAR_JOGIYA,09-54-jogiakhas,jogiya,jogiakhas
Uttar-Pradesh-Sultanpur_Bhadaiyan,09-49-bhadayeea,bhadaiyan,bhadayeea
Uttar-Pradesh-UNNAO_FATEHPUR 84,09-26-fatehpurchaurasi,fatehpur-84,fatehpurchaurasi
Uttaranchal-GARHWAL_JAYHARIKHAL                        ,05-06-zahrikhal,jayharikhal,zahrikhal
Uttaranchal-PITHORAGARH_BIN                                ,05-07-pithoragarh,bin,pithoragarh
Uttaranchal-TEHRI GARHWAL_THOULDHAR                          ,05-04-kouldhar,thouldhar,kouldhar
West-Bengal-BANKURA_HIRBANDH [KHATRA-II],19-13-hirbandh,hirbandh khatra ii,hirbandh
West-Bengal-BANKURA_SARENGA [RAIPUR-II]                ,19-13-sarenga,sarenga raipur ii,sarenga
West-Bengal-BARDDHAMAN_GALSI-I                            ,19-09-gals2,galsi-1,gals-2
West-Bengal-BARDDHAMAN_KALNA-I                            ,19-09-kalnai,kalna-1,kalnai
West-Bengal-BARDDHAMAN_KATWA-I,19-09-katwai,katwa-1,katwai
West-Bengal-BARDDHAMAN_MEMARI-I,19-09-memar2,memari-1,memar-2
West-Bengal-BARDDHAMAN_RAINA-I                            ,19-09-rainai,raina-1,rainai
West-Bengal-BIRBHUM_MD. BAZAR,19-08-mohammadbazar,md bazar,mohammadbazar
West-Bengal-BIRBHUM_MURARAI-I                          ,19-08-murara2,murarai-1,murara-2
West-Bengal-BIRBHUM_NALHATI-I,19-08-nalhat2,nalhati-1,nalhat-2
West-Bengal-BIRBHUM_SURI-I                             ,19-08-sur2,suri-1,sur-2
West-Bengal-DARJILING_JOREBUNGLOW_SUKHIA_BLOCK,19-01-jorebunglowsukiapokhri,jorebunglow sukhia block,jorebunglowsukiapokhri
West-Bengal-DARJILING_KALIMPONG_I_BLOCK,19-01-kalimpongi,kalimpong i block,kalimpongi
West-Bengal-DARJILING_KALIMPONG_II_BLOCK,19-01-kalimpong2,kalimpong ii block,kalimpong-2
West-Bengal-DARJILING_KURSEONG TOWN                      ,19-01-kurseong,kurseong town,kurseong
West-Bengal-DARJILING_RANGLI_RANGLIOT_BLOCK              ,19-01-ranglirangliot,rangli rangliot block,ranglirangliot
West-Bengal-HAORA_AMTA-I                             ,19-16-amtai,amta-1,amtai
West-Bengal-KOCH BIHAR_COOCH BEHAR MUNICIPALITY           ,19-03-coochbehari,cooch behar municipality,coochbehari
West-Bengal-MALDAH_OLD MALDA(BLOCK),19-06-maldah old,old malda block,maldah old
West-Bengal-MALDAH_RATUA-1                            ,19-06-ratuai,ratua-1,ratuai
West-Bengal-PURBA MEDINIPUR_CONTAI MUNICIPALITY,19-15-conta2,contai municipality,conta-2
West-Bengal-PURBA MEDINIPUR_EGRA -I                            ,19-15-egrai,egra-1,egrai
West-Bengal-PASCHIM MEDINIPUR_KGP-1,19-15-kharagpuri,kgp-1,kharagpuri
West-Bengal-PASCHIM MEDINIPUR_KGP-2,19-15-kharagpur2,kgp-2,kharagpur-2
West-Bengal-PURBA MEDINIPUR_KHEJURI -I,19-15-khejur2,khejuri-1,khejur-2
West-Bengal-PURBA MEDINIPUR_PATASHPUR -I                       ,19-15-potashpuri,patashpur-1,potashpuri
West-Bengal-MURSHIDABAD_SUTI-I,19-07-sut2,suti-1,sut-2
West-Bengal-NORTH TWENTY FOUR PARGANA_BARRACKPORE - I                    ,19-11-barrackpuri,barrackpore-1,barrackpuri
West-Bengal-NORTH TWENTY FOUR PARGANA_BARRACKPORE - II,19-11-barrackpur2,barrackpore-2,barrackpur-2
West-Bengal-NORTH TWENTY FOUR PARGANA_HABRA - I                          ,19-11-habrai,habra-1,habrai
West-Bengal-SOUTH  TWENTY FOUR PARGAN_BHANGORE - 1,19-18-bhangari,bhangore-1,bhangari
West-Bengal-SOUTH  TWENTY FOUR PARGAN_BHANGORE - 2,19-18-bhangar2,bhangore-2,bhangar-2
West-Bengal-SOUTH  TWENTY FOUR PARGAN_BUDGE BUDGE MUNICIPALITY,19-18-budgebudgei,budge budge municipality,budgebudgei
West-Bengal-SOUTH  TWENTY FOUR PARGAN_DIAMOND HARBOUR MUNICIPALITY,19-18-diamondharbouri,diamond harbour municipality,diamondharbouri
West-Bengal-SOUTH  TWENTY FOUR PARGAN_JOYNAGAR MAZILPUR MUNICIPALITY,19-18-jaynagari,joynagar mazilpur municipality,jaynagari
West-Bengal-UTTAR DINAJPUR_GOALPOKHER - I,19-04-goalpokhari,goalpokher-1,goalpokhari
