id_master,id_using,_pc01_block_name_master,_pc01_block_name_using
pashchim champaran-bagaha-ii (sidhaw),10-1-sidhaw,bagaha ii sidhaw,sidhaw
madhepura-uda-kishunganj,10-11-kishanganj,uda kishunganj,kishanganj
darbhanga-darbhanga-rural,10-13-darbhanga,darbhanga rural,darbhanga
darbhanga-keoti,10-13-keotiranway,keoti,keotiranway
muzaffarpur-motipur,10-14-baruraj motipur,motipur,baruraj motipur
muzaffarpur-moraul,10-14-dholi moraul,moraul,dholi moraul
saran-chapra sadar,10-17-chapra,chapra sadar,chapra
purba champaran-chakia,10-2-chakia pipra,chakia,chakia pipra
begusarai-khodawandpur,10-20-khudabandpur,khodawandpur,khudabandpur
bhagalpur-kahalgoan,10-22-colgong,kahalgoan,colgong
munger-munger sadar,10-24-munger,munger sadar,munger
patna-patnasadar,10-28-patnarural,patnasadar,patnarural
sheohar-tariyani,10-3-tarianichowk,tariyani,tarianichowk
gaya-gaya town c.d.block,10-35-gaya,gaya town c d block,gaya
purnia-purnia,10-9-purniaeast,purnia,purniaeast
haora-amta-i,19-16-amtai,amta-1,amtai
uttar dinajpur-goalpokher - i,19-4-goalpokhari,goalpokher-1,goalpokhari
murshidabad-suti-i,19-7-sut2,suti-1,sut-2
barddhaman-galsi-i,19-9-gals2,galsi-1,gals-2
barddhaman-kalna-i,19-9-kalnai,kalna-1,kalnai
barddhaman-katwa-i,19-9-katwai,katwa-1,katwai
barddhaman-memari-i,19-9-memar2,memari-1,memar-2
barddhaman-raina-i,19-9-rainai,raina-1,rainai
garhwa-meral,20-1-meral piprakalan,meral,meral piprakalan
pakaur-pakur,20-10-pakaur,pakur,pakaur
dhanbad-baghmara,20-12-baghmaracumkatras,baghmara,baghmaracumkatras
dhanbad-dhanbad,20-12-dhanbadcumkenduadihcumjagta,dhanbad,dhanbadcumkenduadihcumjagta
bokaro-petarwar,20-13-peterbar,petarwar,peterbar
ranchi-arki,20-14-erki tamar2,arki,erki tamar-2
gumla-bharno,20-16-bano,bharno,bano
kendrapara-aul,21-10-aali,aul,aali
cuttack-tangi,21-12-tangichoudwar,tangi,tangichoudwar
ganjam-aska,21-19-asika,aska,asika
ganjam-kabisuryanagar,21-19-kavisurjyanagar,kabisuryanagar,kavisurjyanagar
gajapati-gosani,21-20-parlakhemundi gosani,gosani,parlakhemundi gosani
kandhamal-k.nuagam,21-21-kajamandinuagaon,k nuagam,kajamandinuagaon
kalahandi-m.rampur,21-26-madanpurrampur,m rampur,madanpurrampur
kalahandi-th rampur,21-26-thuamulrampur,th rampur,thuamulrampur
rayagada-bissamcuttack,21-27-bishamakatak,bissamcuttack,bishamakatak
rayagada-k.singpur,21-27-kalyanasingpur,k singpur,kalyanasingpur
koraput-jeypore,21-29-jeypur,jeypore,jeypur
sambalpur-dhankauda,21-3-sambalpur dhankauda,dhankauda,sambalpur dhankauda
malkangiri-korukonda,21-30-korkunda,korukonda,korkunda
mayurbhanj-g b nagar,21-7-gopabandhunagar,g b nagar,gopabandhunagar
koriya-bharatpur,22-1-bharatpur janakpur,bharatpur,bharatpur janakpur
durg-balod,22-10-sanjaribalod,balod,sanjaribalod
raipur-arang,22-11-chandkhurai arang,arang,chandkhurai arang
raipur-dharshiwa,22-11-raipur dharsiva,dharshiwa,raipur dharsiva
raipur-fingeswar,22-11-rajim phingeshwar,fingeswar,rajim phingeshwar
dhamtari-kurud,22-13-kurud chormudiya,kurud,kurud chormudiya
dhamtari-nagri,22-13-sihwa nagri,nagri,sihwa nagri
kanker-narharpur,22-14-sarana narharpur,narharpur,sarana narharpur
surguja-ramchandrapur,22-2-ramchandrapur ramanujganj,ramchandrapur,ramchandrapur ramanujganj
jashpur-jashpur,22-3-jashpurnagar,jashpur,jashpurnagar
jashpur-farsabahar,22-3-pharsabahar tapkara,farsabahar,pharsabahar tapkara
damoh-batiyagarh,23-12-barigarh batiagarh,batiyagarh,barigarh batiagarh
satna-majhgwan,23-13-chitrakoot majhgawan,majhgwan,chitrakoot majhgawan
satna-sohawal,23-13-satna sohawal,sohawal,satna sohawal
rewa-raipur(k),23-14-raipurkarchuliyan,raipur k,raipurkarchuliyan
sidhi-waidhan,23-17-baidhan,waidhan,baidhan
ujjain-ujjain rural,23-21-ujjain,ujjain rural,ujjain
shajapur-m. barodiya,23-22-momanbadodiya,m barodiya,momanbadodiya
dhar-umarban,23-25-bankaner umarvan,umarban,bankaner umarvan
bhind-roun,23-3-mihona ron,roun,mihona ron
bhopal-phanda gramin,23-32-phanda bhopal,phanda gramin,phanda bhopal
raisen-badi,23-34-bareli badi,badi,bareli badi
betul-prabhat pattan,23-35-prabhatpattnam,prabhat pattan,prabhatpattnam
hoshangabad-sivni maalva,23-37-seonimalwa,sivni maalva,seonimalwa
gwalior-ghatigaon,23-4-ghatigaon barai,ghatigaon,ghatigaon barai
gwalior-morar(rural),23-4-morar,morar rural,morar
narsimhapur-gotegaon (shridham),23-40-gotegaon,gotegaon shridham,gotegaon
narsimhapur-narsinghpur,23-40-narsimhapur,narsinghpur,narsimhapur
narsimhapur-saikheda,23-40-saikheda gadarwara,saikheda,saikheda gadarwara
chhindwara-junnardeo,23-43-jamai junnardeo,junnardeo,jamai junnardeo
seoni-ghansore,23-44-kahnapas ghansaur,ghansore,kahnapas ghansaur
datia-seondha,23-5-se-0ndha,seondha,se-0ndha
chhatarpur-barigarh,23-9-gaurihar barigarh,barigarh,gaurihar barigarh
jamnagar-jamkalyanpur,24-10-kalyanpur,jamkalyanpur,kalyanpur
jamnagar-jamkhambhaliya,24-10-khambhalia,jamkhambhaliya,khambhalia
junagadh-malia hatina,24-12-malia,malia hatina,malia
the dangs-ahwa,24-23-thedangs,ahwa,thedangs
surendranagar-patdi - dasada,24-8-dasada,patdi dasada,dasada
gondiya-arjuni mor,27-11-arjunimorgaon,arjuni mor,arjunimorgaon
bid-majalgaon,27-27-manjlegaon,majalgaon,manjlegaon
amravati-chandur bz,27-7-chandurbazar,chandur bz,chandurbazar
amravati-chandur rly,27-7-chandurrailway,chandur rly,chandurrailway
amravati-nandgaon kh,27-7-nandgaonkhandeshwar,nandgaon kh,nandgaonkhandeshwar
adilabad-kaddam,28-1-kaddam peddur,kaddam,kaddam peddur
adilabad-lohesra,28-1-lokeswaram,lohesra,lokeswaram
khammam-burgumpadu,28-10-burgampahad,burgumpadu,burgampahad
khammam-v.r.puram,28-10-vararamachandrapuram,v r puram,vararamachandrapuram
srikakulam-g.sigadam,28-11-ganguvarisigadam,g sigadam,ganguvarisigadam
srikakulam-r.amadalavalasa,28-11-regidiamadalavalasa,r amadalavalasa,regidiamadalavalasa
visakhapatnam-g.k.veedhi,28-13-gudemkothaveedhi,g k veedhi,gudemkothaveedhi
east godavari-u.kothapalli,28-14-kothapalle,u kothapalli,kothapalle
guntur-achamet,28-17-atchampet,achamet,atchampet
guntur-cherukupalle,28-17-cherukupalleh oarumbaka,cherukupalle,cherukupalleh oarumbaka
guntur-chilakaluripeta,28-17-chilakaluripeth o purushothapatnam,chilakaluripeta,chilakaluripeth o purushothapatnam
guntur-epuru,28-17-ipur,epuru,ipur
guntur-savalyapuram,28-17-savalyapuramh okanamarlapudi,savalyapuram,savalyapuramh okanamarlapudi
prakasam-c.s.puram,28-18-chandrasekharapuram,c s puram,chandrasekharapuram
prakasam-j.panguluru,28-18-janakavarampanguluru,j panguluru,janakavarampanguluru
prakasam-p.c.palli,28-18-pedacherlopalle,p c palli,pedacherlopalle
cuddapah-b.mattam,28-20-brahmamgarimattam,b mattam,brahmamgarimattam
cuddapah-c.k.dinne,28-20-chinthakommadinne,c k dinne,chinthakommadinne
cuddapah-l.r.palli,28-20-lakkireddipalle,l r palli,lakkireddipalle
cuddapah-v.n.palle,28-20-veerapunayunipalle,v n palle,veerapunayunipalle
kurnool-j-banglaw,28-21-jupadubungalow,j banglaw,jupadubungalow
kurnool-velugodu,28-21-velgode,velugodu,velgode
chittoor-b.n.kandriga,28-23-buchinaidukandriga,b n kandriga,buchinaidukandriga
chittoor-k.v.palle,28-23-kambhamvaripalle,k v palle,kambhamvaripalle
chittoor-molakachervu,28-23-mulakalacheruvu,molakachervu,mulakalacheruvu
chittoor-r.c.puram,28-23-ramachandrapuram,r c puram,ramachandrapuram
chittoor-s.r.puram,28-23-srirangarajapuram,s r puram,srirangarajapuram
chittoor-v.kota,28-23-venkatagirikota,v kota,venkatagirikota
karimnagar-thimmapoor,28-3-timmapur lmdcolony,thimmapoor,timmapur lmdcolony
medak-munipally,28-4-munpalle,munipally,munpalle
mahbubnagar-bijenepally,28-7-bijinapalle,bijenepally,bijinapalle
mahbubnagar-c.c.kunta,28-7-chinnachintakunta,c c kunta,chinnachintakunta
nalgonda-bhuvanagiri,28-8-bhongir,bhuvanagiri,bhongir
nalgonda-p.a.palle,28-8-peddaadiserlapalle,p a palle,peddaadiserlapalle
warangal-bhoopalpelly,28-9-bhupalpalle,bhoopalpelly,bhupalpalle
warangal-mogullapelly,28-9-mogullapalle,mogullapelly,mogullapalle
belgaum-belgaum rural.,29-1-belgaum,belgaum rural,belgaum
bellary-bellary west,29-12-bellary,bellary west,bellary
mandya-mandya south,29-22-mandya,mandya south,mandya
mysore-k.r.nagara,29-26-krishnarajanagara,k r nagara,krishnarajanagara
gulbarga-gulbarga south,29-4-gulbarga,gulbarga south,gulbarga
tehri garhwal-thouldhar,5-4-kouldhar,thouldhar,kouldhar
garhwal-jayharikhal,5-6-zahrikhal,jayharikhal,zahrikhal
pithoragarh-bin,5-7-pithoragarh,bin,pithoragarh
bhiwani-dadri,6-13-dadri2,dadri,dadri-2
mahendragarh-ateli,6-16-atelinangal,ateli,atelinangal
mahendragarh-mohindergarh,6-16-mahendragarh,mohindergarh,mahendragarh
gurgaon-f.nagar,6-18-farrukhnagar,f nagar,farrukhnagar
ganganagar-sri ganganagar,8-1-ganganagar,sri ganganagar,ganganagar
sawai madhopur-gangapur city,8-10-gangapur,gangapur city,gangapur
jaipur-sambhar lake,8-12-sambhar,sambhar lake,sambhar
nagaur-mertacity,8-14-merta,mertacity,merta
jaisalmer-pokaran,8-16-sankra,pokaran,sankra
barmer-shiv,8-17-sheo,shiv,sheo
jalor-aahor,8-18-ahore,aahor,ahore
bundi-k.patan,8-23-keshoraipatan,k patan,keshoraipatan
jhalawar-sunel,8-32-jhalrapatan,sunel,jhalrapatan
alwar-lakshmangarh,8-6-lachhmangarh,lakshmangarh,lachhmangarh
alwar-umerain,8-6-umren,umerain,umren
saharanpur-sadholi kadim,9-1-sadauliqadeem,sadholi kadim,sadauliqadeem
aligarh-jawan,9-12-jawansikanderpur,jawan,jawansikanderpur
firozabad-aaranw,9-16-araon,aaranw,araon
firozabad-narkhi,9-16-kotla narkhi,narkhi,kotla narkhi
budaun-mayoo,9-19-mion,mayoo,mion
bareilly-alampur,9-20-aalampurjafarabad,alampur,aalampurjafarabad
bareilly-fatehganj,9-20-fatehganjpashchim,fatehganj,fatehganjpashchim
unnao-fatehpur 84,9-26-fatehpurchaurasi,fatehpur-84,fatehpurchaurasi
bijnor-afzalgrah,9-3-afzalgarh kasimpurgarhi,afzalgrah,afzalgarh kasimpurgarhi
bijnor-allhepur(dhampur),9-3-allahpur,allhepur dhampur,allahpur
bijnor-mohd.pur devmal,9-3-mohammedpurdeomal,mohd pur devmal,mohammedpurdeomal
bijnor-aaku(nehtor),9-3-nehtaur,aaku nehtor,nehtaur
kanpur nagar-bidhnu,9-34-vidhunu,bidhnu,vidhunu
jalaun-madhaugadh,9-35-madhoganj,madhaugadh,madhoganj
jhansi-bamore,9-36-bamaur,bamore,bamaur
mahoba-kabrai,9-39-kabrai mahoba,kabrai,kabrai mahoba
chitrakoot-chitrakoot,9-41-karvi chitrakootdham,chitrakoot,karvi chitrakootdham
pratapgarh-sadar,9-43-pratapgarh sadar,sadar,pratapgarh sadar
allahabad-kaudihar     i,9-45-kaurihar,kaudihar-1,kaurihar
allahabad-soram,9-45-soraon,soram,soraon
faizabad-harintanganj,9-47-harringtonganj,harintanganj,harringtonganj
faizabad-maya,9-47-mavai,maya,mavai
faizabad-pura,9-47-purabazar,pura,purabazar
sultanpur-bhadaiyan,9-49-bhadayeea,bhadaiyan,bhadayeea
shrawasti-ikauna,9-51-ekona,ikauna,ekona
gonda-colonelganj,9-53-karnailganj,colonelganj,karnailganj
siddharthnagar-barhani,9-54-barhnibazar,barhani,barhnibazar
siddharthnagar-jogiya,9-54-jogiakhas,jogiya,jogiakhas
basti-basti sadar,9-55-basti,basti sadar,basti
sant kabir nagar-haserbajar,9-56-haisarbazar,haserbajar,haisarbazar
kushinagar-naurangiya,9-59-nebuanaurangiya,naurangiya,nebuanaurangiya
kushinagar-seorahi,9-59-sevarhi,seorahi,sevarhi
deoria-deoria sadar,9-60-deoria,deoria sadar,deoria
azamgarh-palahni,9-61-palhani,palahni,palhani
azamgarh-foolpoor,9-61-phulpur,foolpoor,phulpur
mau-barhraou,9-62-badraon,barhraou,badraon
ballia-beruarbari,9-63-veruarwari,beruarbari,veruarwari
ghazipur-ghazipur sadar,9-65-ghazipur,ghazipur sadar,ghazipur
ghazipur-barachawar,9-65-varachakwar,barachawar,varachakwar
mirzapur-nagar,9-69-nagar city,nagar,nagar city
mirzapur-nerayen pur,9-69-narainpur,nerayen pur,narainpur
meerut-jani,9-7-janikhurd,jani,janikhurd
meerut-mawana,9-7-mawanakalan,mawana,mawanakalan
meerut-sarurpur,9-7-sarurpurkhurd,sarurpur,sarurpurkhurd
